,GEOID,MEDIAN HOUSEHOLD INCOME IN THE PAST 12 MONTHS (IN 2016 INFLATION-ADJUSTED DOLLARS) BY HOUSEHOLD SIZE_Estimate!!Total,MEDIAN HOUSEHOLD INCOME IN THE PAST 12 MONTHS (IN 2016 INFLATION-ADJUSTED DOLLARS) BY HOUSEHOLD SIZE_Estimate!!Total!!1-person households,MEDIAN HOUSEHOLD INCOME IN THE PAST 12 MONTHS (IN 2016 INFLATION-ADJUSTED DOLLARS) BY HOUSEHOLD SIZE_Estimate!!Total!!2-person households,MEDIAN HOUSEHOLD INCOME IN THE PAST 12 MONTHS (IN 2016 INFLATION-ADJUSTED DOLLARS) BY HOUSEHOLD SIZE_Estimate!!Total!!3-person households,MEDIAN HOUSEHOLD INCOME IN THE PAST 12 MONTHS (IN 2016 INFLATION-ADJUSTED DOLLARS) BY HOUSEHOLD SIZE_Estimate!!Total!!4-person households,MEDIAN HOUSEHOLD INCOME IN THE PAST 12 MONTHS (IN 2016 INFLATION-ADJUSTED DOLLARS) BY HOUSEHOLD SIZE_Estimate!!Total!!5-person households,MEDIAN HOUSEHOLD INCOME IN THE PAST 12 MONTHS (IN 2016 INFLATION-ADJUSTED DOLLARS) BY HOUSEHOLD SIZE_Estimate!!Total!!6-person households,MEDIAN HOUSEHOLD INCOME IN THE PAST 12 MONTHS (IN 2016 INFLATION-ADJUSTED DOLLARS) BY HOUSEHOLD SIZE_Estimate!!Total!!7-or-more-person households,YEAR
265,13089020100,174526.0,75658.0,174871.0,250001.0,222222.0,250001.0,250001.0,-666666666.0,2017.0
266,13089020200,87889.0,67865.0,112841.0,-666666666.0,250001.0,-666666666.0,-666666666.0,-666666666.0,2017.0
267,13089020300,113088.0,54444.0,108860.0,181944.0,225592.0,144861.0,-666666666.0,-666666666.0,2017.0
268,13089020400,78681.0,46616.0,105500.0,128438.0,223750.0,-666666666.0,-666666666.0,-666666666.0,2017.0
269,13089020500,55208.0,-666666666.0,92826.0,78000.0,116319.0,60417.0,-666666666.0,-666666666.0,2017.0
270,13089020600,43295.0,32250.0,77708.0,-666666666.0,-666666666.0,-666666666.0,-666666666.0,-666666666.0,2017.0
271,13089020700,53833.0,27935.0,105179.0,116000.0,109063.0,-666666666.0,-666666666.0,-666666666.0,2017.0
272,13089020801,92594.0,63063.0,114007.0,124750.0,164286.0,-666666666.0,78674.0,-666666666.0,2017.0
273,13089020802,57204.0,17311.0,97891.0,122426.0,61641.0,-666666666.0,-666666666.0,93173.0,2017.0
274,13089020900,66536.0,45517.0,72191.0,159583.0,149643.0,-666666666.0,-666666666.0,-666666666.0,2017.0
275,13089021101,162159.0,85625.0,163790.0,239375.0,165139.0,185347.0,183929.0,-666666666.0,2017.0
276,13089021102,83628.0,60308.0,102218.0,202917.0,168319.0,-666666666.0,-666666666.0,-666666666.0,2017.0
277,13089021202,99928.0,50781.0,137917.0,154805.0,158636.0,-666666666.0,-666666666.0,-666666666.0,2017.0
278,13089021204,26523.0,19806.0,39423.0,26804.0,33355.0,22283.0,22917.0,-666666666.0,2017.0
279,13089021208,67850.0,41991.0,81214.0,103500.0,138750.0,123750.0,24625.0,-666666666.0,2017.0
280,13089021209,72317.0,41602.0,96612.0,188421.0,82371.0,-666666666.0,-666666666.0,-666666666.0,2017.0
281,13089021210,152011.0,52647.0,143350.0,150625.0,211094.0,180893.0,-666666666.0,-666666666.0,2017.0
282,13089021211,102500.0,51208.0,102760.0,159732.0,123214.0,155833.0,-666666666.0,-666666666.0,2017.0
283,13089021213,147550.0,-666666666.0,91875.0,214821.0,220391.0,250001.0,-666666666.0,-666666666.0,2017.0
284,13089021214,140481.0,57500.0,123707.0,186080.0,197109.0,-666666666.0,-666666666.0,-666666666.0,2017.0
285,13089021215,97894.0,83532.0,122438.0,104563.0,91042.0,163512.0,-666666666.0,-666666666.0,2017.0
286,13089021216,84889.0,62045.0,105846.0,103401.0,156696.0,-666666666.0,-666666666.0,-666666666.0,2017.0
287,13089021217,88000.0,50488.0,100436.0,103021.0,119688.0,186250.0,-666666666.0,-666666666.0,2017.0
288,13089021218,55709.0,51250.0,63011.0,139500.0,107530.0,-666666666.0,-666666666.0,-666666666.0,2017.0
289,13089021301,50081.0,46364.0,88571.0,54405.0,21500.0,44850.0,-666666666.0,-666666666.0,2017.0
290,13089021303,38710.0,26397.0,34821.0,54375.0,39500.0,37708.0,-666666666.0,53929.0,2017.0
291,13089021305,49487.0,41100.0,58266.0,63365.0,48641.0,30625.0,34762.0,-666666666.0,2017.0
292,13089021306,49835.0,36439.0,52383.0,50938.0,63452.0,43750.0,103553.0,-666666666.0,2017.0
293,13089021307,49468.0,23150.0,69455.0,48816.0,65592.0,-666666666.0,-666666666.0,62250.0,2017.0
294,13089021308,46496.0,41528.0,78571.0,94750.0,21806.0,32857.0,-666666666.0,74167.0,2017.0
295,13089021405,135020.0,74813.0,140833.0,160156.0,219042.0,-666666666.0,-666666666.0,-666666666.0,2017.0
296,13089021409,46985.0,35227.0,51875.0,51607.0,42228.0,-666666666.0,-666666666.0,42885.0,2017.0
297,13089021410,55208.0,61838.0,75179.0,46875.0,52375.0,29583.0,59688.0,-666666666.0,2017.0
298,13089021411,96071.0,54534.0,119000.0,156806.0,224028.0,-666666666.0,-666666666.0,-666666666.0,2017.0
299,13089021412,119297.0,42188.0,127083.0,192750.0,-666666666.0,-666666666.0,-666666666.0,-666666666.0,2017.0
300,13089021413,42143.0,22159.0,60500.0,39107.0,52969.0,57535.0,51979.0,-666666666.0,2017.0
301,13089021414,45966.0,42083.0,53950.0,68125.0,41875.0,-666666666.0,-666666666.0,-666666666.0,2017.0
302,13089021415,104226.0,65888.0,136111.0,133553.0,-666666666.0,27031.0,-666666666.0,-666666666.0,2017.0
303,13089021416,79844.0,77813.0,94028.0,120313.0,-666666666.0,27614.0,-666666666.0,-666666666.0,2017.0
304,13089021417,47616.0,43190.0,49714.0,82917.0,34135.0,34769.0,58264.0,-666666666.0,2017.0
305,13089021502,69215.0,45524.0,116771.0,109286.0,186000.0,-666666666.0,-666666666.0,-666666666.0,2017.0
306,13089021503,52434.0,32727.0,68839.0,66667.0,54327.0,-666666666.0,-666666666.0,-666666666.0,2017.0
307,13089021504,58519.0,47266.0,101620.0,99545.0,131176.0,-666666666.0,-666666666.0,-666666666.0,2017.0
308,13089021602,68750.0,45635.0,79406.0,116493.0,149112.0,-666666666.0,-666666666.0,-666666666.0,2017.0
309,13089021603,58000.0,41935.0,65750.0,118958.0,133917.0,-666666666.0,-666666666.0,-666666666.0,2017.0
310,13089021604,150625.0,57083.0,199821.0,172016.0,186875.0,250001.0,-666666666.0,-666666666.0,2017.0
311,13089021605,69509.0,39837.0,86741.0,81523.0,191094.0,66458.0,-666666666.0,-666666666.0,2017.0
312,13089021703,134712.0,59712.0,131250.0,175556.0,242222.0,-666666666.0,-666666666.0,-666666666.0,2017.0
313,13089021704,93529.0,35938.0,99352.0,143929.0,169250.0,133170.0,-666666666.0,-666666666.0,2017.0
314,13089021705,41481.0,28068.0,92969.0,41906.0,113750.0,36302.0,-666666666.0,-666666666.0,2017.0
315,13089021706,81033.0,45556.0,85821.0,137043.0,180179.0,156324.0,-666666666.0,-666666666.0,2017.0
316,13089021805,57297.0,31103.0,55625.0,57266.0,96438.0,98142.0,-666666666.0,-666666666.0,2017.0
317,13089021806,51174.0,39609.0,66520.0,66667.0,107778.0,-666666666.0,-666666666.0,-666666666.0,2017.0
318,13089021808,73750.0,51410.0,85296.0,82096.0,82222.0,131250.0,-666666666.0,-666666666.0,2017.0
319,13089021809,91528.0,40729.0,81061.0,139844.0,138472.0,126827.0,-666666666.0,-666666666.0,2017.0
320,13089021810,68837.0,44196.0,92984.0,91667.0,97813.0,-666666666.0,-666666666.0,-666666666.0,2017.0
321,13089021812,63690.0,34118.0,76250.0,84167.0,80673.0,-666666666.0,-666666666.0,61875.0,2017.0
322,13089021813,35991.0,33667.0,43523.0,-666666666.0,32727.0,-666666666.0,28889.0,-666666666.0,2017.0
323,13089021814,34887.0,30625.0,38886.0,52024.0,59141.0,-666666666.0,-666666666.0,-666666666.0,2017.0
324,13089021906,41963.0,32134.0,41212.0,44318.0,43393.0,81164.0,61402.0,135859.0,2017.0
325,13089021907,50257.0,42588.0,40729.0,52007.0,74643.0,63295.0,-666666666.0,101250.0,2017.0
326,13089021908,30985.0,17184.0,41250.0,50338.0,36848.0,-666666666.0,-666666666.0,24750.0,2017.0
327,13089021909,33601.0,28327.0,35091.0,46607.0,34719.0,24478.0,-666666666.0,-666666666.0,2017.0
328,13089021910,41951.0,32885.0,54423.0,41733.0,73641.0,-666666666.0,-666666666.0,93239.0,2017.0
329,13089021911,23532.0,14167.0,24592.0,-666666666.0,36111.0,25682.0,-666666666.0,-666666666.0,2017.0
330,13089021912,144844.0,-666666666.0,169844.0,141125.0,124000.0,205625.0,-666666666.0,-666666666.0,2017.0
331,13089021913,30962.0,31232.0,33931.0,18000.0,26940.0,-666666666.0,-666666666.0,-666666666.0,2017.0
332,13089022001,68327.0,51404.0,86644.0,81719.0,-666666666.0,-666666666.0,-666666666.0,-666666666.0,2017.0
333,13089022004,50431.0,45580.0,50885.0,44245.0,59688.0,51944.0,-666666666.0,62650.0,2017.0
334,13089022005,32262.0,18906.0,46607.0,41944.0,47604.0,42984.0,-666666666.0,-666666666.0,2017.0
335,13089022007,30606.0,17448.0,37750.0,36445.0,24629.0,25433.0,41196.0,-666666666.0,2017.0
336,13089022008,26577.0,11214.0,45900.0,30521.0,26111.0,32097.0,-666666666.0,-666666666.0,2017.0
337,13089022009,37086.0,36411.0,35625.0,38713.0,50326.0,-666666666.0,22411.0,-666666666.0,2017.0
338,13089022010,58182.0,50417.0,85500.0,71071.0,55313.0,58281.0,23333.0,-666666666.0,2017.0
339,13089022100,34479.0,32130.0,39886.0,31583.0,54474.0,-666666666.0,-666666666.0,-666666666.0,2017.0
340,13089022203,53819.0,50508.0,69732.0,60679.0,120417.0,-666666666.0,-666666666.0,-666666666.0,2017.0
341,13089022204,47421.0,46795.0,60927.0,45625.0,37634.0,-666666666.0,-666666666.0,-666666666.0,2017.0
342,13089022301,66260.0,43967.0,81579.0,110380.0,115625.0,-666666666.0,101806.0,-666666666.0,2017.0
343,13089022302,74500.0,48929.0,94511.0,167198.0,105188.0,199531.0,-666666666.0,-666666666.0,2017.0
344,13089022401,86366.0,48601.0,135685.0,181927.0,250001.0,-666666666.0,-666666666.0,-666666666.0,2017.0
345,13089022402,38944.0,37150.0,-666666666.0,-666666666.0,-666666666.0,-666666666.0,-666666666.0,-666666666.0,2017.0
346,13089022403,151037.0,53939.0,163409.0,204773.0,250001.0,148438.0,250001.0,-666666666.0,2017.0
347,13089022500,78555.0,32587.0,138438.0,160083.0,177656.0,147283.0,-666666666.0,21699.0,2017.0
348,13089022600,79806.0,45571.0,86336.0,135714.0,208462.0,183906.0,-666666666.0,-666666666.0,2017.0
349,13089022700,102604.0,-666666666.0,90375.0,128594.0,159444.0,137639.0,-666666666.0,-666666666.0,2017.0
350,13089022800,128393.0,63500.0,95096.0,154412.0,152344.0,223021.0,-666666666.0,-666666666.0,2017.0
351,13089022900,73472.0,43013.0,98380.0,103922.0,114583.0,141458.0,-666666666.0,-666666666.0,2017.0
352,13089023000,66250.0,42396.0,67273.0,115750.0,116875.0,169375.0,-666666666.0,-666666666.0,2017.0
353,13089023101,49667.0,29388.0,59965.0,43750.0,80625.0,-666666666.0,38315.0,91429.0,2017.0
354,13089023102,39703.0,31506.0,41771.0,43681.0,67917.0,-666666666.0,-666666666.0,-666666666.0,2017.0
355,13089023107,42688.0,40139.0,50583.0,49821.0,59226.0,-666666666.0,-666666666.0,-666666666.0,2017.0
356,13089023108,31078.0,28229.0,31797.0,36364.0,-666666666.0,28098.0,-666666666.0,47417.0,2017.0
357,13089023111,59306.0,31875.0,73194.0,64583.0,59792.0,54000.0,44875.0,48750.0,2017.0
358,13089023112,26870.0,18088.0,35842.0,26324.0,24904.0,-666666666.0,-666666666.0,-666666666.0,2017.0
359,13089023113,31984.0,28750.0,68077.0,53375.0,19914.0,28438.0,-666666666.0,-666666666.0,2017.0
360,13089023114,50889.0,50139.0,62500.0,49583.0,63750.0,-666666666.0,30714.0,43942.0,2017.0
361,13089023115,-666666666.0,-666666666.0,-666666666.0,-666666666.0,-666666666.0,-666666666.0,-666666666.0,-666666666.0,2017.0
362,13089023204,50500.0,30946.0,57521.0,48456.0,88816.0,-666666666.0,-666666666.0,-666666666.0,2017.0
363,13089023206,50142.0,28558.0,54380.0,37036.0,68542.0,81273.0,-666666666.0,-666666666.0,2017.0
364,13089023208,40182.0,29345.0,40486.0,47389.0,62708.0,68846.0,-666666666.0,55518.0,2017.0
365,13089023209,54907.0,42736.0,63024.0,62550.0,58917.0,55938.0,103846.0,-666666666.0,2017.0
366,13089023210,39583.0,30462.0,38176.0,57431.0,47939.0,-666666666.0,55652.0,-666666666.0,2017.0
367,13089023211,53563.0,27009.0,54286.0,-666666666.0,74500.0,99583.0,-666666666.0,-666666666.0,2017.0
368,13089023212,61510.0,32267.0,65242.0,62961.0,80688.0,131736.0,-666666666.0,-666666666.0,2017.0
369,13089023213,43821.0,27123.0,38862.0,72611.0,44962.0,48050.0,82261.0,108641.0,2017.0
370,13089023214,49304.0,31779.0,56389.0,48750.0,53729.0,37434.0,51042.0,-666666666.0,2017.0
371,13089023303,45134.0,29229.0,31645.0,46146.0,60625.0,56667.0,63000.0,31581.0,2017.0
372,13089023306,61975.0,40942.0,60063.0,39863.0,87567.0,83685.0,-666666666.0,-666666666.0,2017.0
373,13089023309,46220.0,35385.0,47273.0,57381.0,46825.0,87132.0,47760.0,43854.0,2017.0
374,13089023310,33879.0,22034.0,41250.0,46303.0,44000.0,47045.0,-666666666.0,-666666666.0,2017.0
375,13089023311,77065.0,52875.0,81406.0,85583.0,78281.0,170625.0,90577.0,172772.0,2017.0
376,13089023312,65716.0,47515.0,66603.0,60000.0,90852.0,99914.0,-666666666.0,-666666666.0,2017.0
377,13089023313,47010.0,37740.0,47235.0,48250.0,46667.0,93281.0,57604.0,61080.0,2017.0
378,13089023314,51339.0,32823.0,50522.0,69915.0,98949.0,43167.0,-666666666.0,-666666666.0,2017.0
379,13089023315,66818.0,37841.0,53750.0,88690.0,85375.0,72300.0,-666666666.0,86906.0,2017.0
380,13089023316,61860.0,45293.0,56450.0,71437.0,69254.0,-666666666.0,-666666666.0,-666666666.0,2017.0
381,13089023410,30250.0,20750.0,39844.0,50045.0,47742.0,-666666666.0,88026.0,-666666666.0,2017.0
382,13089023411,37479.0,21773.0,45096.0,-666666666.0,67955.0,62109.0,41985.0,-666666666.0,2017.0
383,13089023412,47004.0,36337.0,63345.0,63632.0,37250.0,-666666666.0,-666666666.0,-666666666.0,2017.0
384,13089023413,52457.0,30179.0,58274.0,-666666666.0,51563.0,69798.0,-666666666.0,-666666666.0,2017.0
385,13089023414,58316.0,37143.0,47095.0,98056.0,116230.0,98824.0,-666666666.0,-666666666.0,2017.0
386,13089023416,64215.0,38047.0,60515.0,82159.0,75814.0,118026.0,-666666666.0,-666666666.0,2017.0
387,13089023418,48509.0,39889.0,44784.0,56316.0,-666666666.0,-666666666.0,132940.0,-666666666.0,2017.0
388,13089023419,64205.0,37306.0,63750.0,72196.0,93859.0,-666666666.0,53381.0,123125.0,2017.0
389,13089023421,40399.0,31685.0,45692.0,42677.0,36667.0,-666666666.0,-666666666.0,-666666666.0,2017.0
390,13089023422,60313.0,39750.0,59113.0,78802.0,61895.0,71667.0,-666666666.0,140156.0,2017.0
391,13089023423,73042.0,50083.0,73208.0,80045.0,100868.0,108516.0,44514.0,-666666666.0,2017.0
392,13089023424,62054.0,36806.0,64485.0,64926.0,89500.0,64896.0,42037.0,-666666666.0,2017.0
393,13089023425,59966.0,22411.0,81815.0,85201.0,-666666666.0,-666666666.0,-666666666.0,-666666666.0,2017.0
394,13089023426,72250.0,64625.0,78641.0,80893.0,-666666666.0,117841.0,80625.0,-666666666.0,2017.0
395,13089023427,65265.0,61000.0,58208.0,75119.0,88750.0,72619.0,-666666666.0,-666666666.0,2017.0
396,13089023428,39641.0,34197.0,47137.0,36761.0,58644.0,70066.0,-666666666.0,-666666666.0,2017.0
397,13089023501,31591.0,24016.0,32344.0,55227.0,-666666666.0,64063.0,-666666666.0,49402.0,2017.0
398,13089023504,27270.0,21275.0,29383.0,20559.0,40625.0,-666666666.0,15750.0,22763.0,2017.0
399,13089023505,37179.0,29688.0,36042.0,51429.0,43750.0,60625.0,-666666666.0,-666666666.0,2017.0
400,13089023506,42301.0,23794.0,53289.0,40768.0,73750.0,-666666666.0,-666666666.0,69297.0,2017.0
401,13089023507,44385.0,34792.0,38917.0,47286.0,53864.0,56923.0,68854.0,-666666666.0,2017.0
402,13089023601,68217.0,59120.0,70313.0,67830.0,133990.0,-666666666.0,-666666666.0,-666666666.0,2017.0
403,13089023602,39524.0,24000.0,53988.0,55104.0,47639.0,-666666666.0,-666666666.0,-666666666.0,2017.0
404,13089023603,31125.0,24750.0,32778.0,45208.0,-666666666.0,-666666666.0,-666666666.0,-666666666.0,2017.0
405,13089023700,45077.0,19575.0,56701.0,45671.0,51917.0,-666666666.0,-666666666.0,-666666666.0,2017.0
406,13089023801,69036.0,45673.0,55625.0,113804.0,-666666666.0,133750.0,-666666666.0,-666666666.0,2017.0
407,13089023802,41276.0,31277.0,55000.0,85735.0,133636.0,28684.0,-666666666.0,-666666666.0,2017.0
408,13089023803,46055.0,18750.0,53866.0,58942.0,60833.0,-666666666.0,-666666666.0,-666666666.0,2017.0
494,13121000100,149450.0,75769.0,130481.0,162125.0,250001.0,181346.0,-666666666.0,-666666666.0,2017.0
495,13121000200,116094.0,59583.0,152549.0,248125.0,250001.0,250001.0,-666666666.0,-666666666.0,2017.0
496,13121000400,91857.0,61523.0,134375.0,79107.0,-666666666.0,250001.0,-666666666.0,-666666666.0,2017.0
497,13121000500,85750.0,60184.0,107974.0,205588.0,122788.0,-666666666.0,-666666666.0,-666666666.0,2017.0
498,13121000600,50969.0,45827.0,56833.0,50772.0,-666666666.0,-666666666.0,-666666666.0,-666666666.0,2017.0
499,13121000700,71214.0,51397.0,103250.0,76250.0,151750.0,-666666666.0,-666666666.0,-666666666.0,2017.0
500,13121001001,80132.0,57386.0,104706.0,96146.0,-666666666.0,-666666666.0,-666666666.0,-666666666.0,2017.0
501,13121001002,27250.0,20417.0,49167.0,-666666666.0,-666666666.0,-666666666.0,-666666666.0,-666666666.0,2017.0
502,13121001100,99205.0,74547.0,155556.0,249205.0,-666666666.0,-666666666.0,-666666666.0,-666666666.0,2017.0
503,13121001201,58603.0,39643.0,125795.0,150000.0,156316.0,-666666666.0,-666666666.0,-666666666.0,2017.0
504,13121001202,83063.0,69096.0,120375.0,138352.0,-666666666.0,-666666666.0,-666666666.0,-666666666.0,2017.0
505,13121001300,66223.0,46806.0,91750.0,-666666666.0,177750.0,-666666666.0,-666666666.0,-666666666.0,2017.0
506,13121001400,86333.0,62357.0,140446.0,131250.0,155125.0,-666666666.0,-666666666.0,-666666666.0,2017.0
507,13121001500,63464.0,40848.0,100417.0,210865.0,-666666666.0,-666666666.0,-666666666.0,-666666666.0,2017.0
508,13121001600,66806.0,48750.0,83594.0,-666666666.0,-666666666.0,-666666666.0,-666666666.0,-666666666.0,2017.0
509,13121001700,60069.0,46474.0,103895.0,50931.0,109583.0,-666666666.0,-666666666.0,-666666666.0,2017.0
510,13121001800,42159.0,39545.0,60288.0,-666666666.0,-666666666.0,-666666666.0,-666666666.0,-666666666.0,2017.0
511,13121001900,62222.0,51581.0,155938.0,-666666666.0,-666666666.0,-666666666.0,-666666666.0,-666666666.0,2017.0
512,13121002100,51250.0,40341.0,74545.0,-666666666.0,-666666666.0,-666666666.0,-666666666.0,-666666666.0,2017.0
513,13121002300,27674.0,19583.0,20938.0,36522.0,-666666666.0,-666666666.0,29196.0,-666666666.0,2017.0
514,13121002400,30972.0,23148.0,34250.0,-666666666.0,55781.0,-666666666.0,60625.0,-666666666.0,2017.0
515,13121002500,26066.0,20846.0,32232.0,16957.0,-666666666.0,61125.0,-666666666.0,-666666666.0,2017.0
516,13121002600,26350.0,21397.0,-666666666.0,30938.0,-666666666.0,-666666666.0,-666666666.0,-666666666.0,2017.0
517,13121002800,26059.0,24338.0,-666666666.0,18948.0,-666666666.0,-666666666.0,-666666666.0,-666666666.0,2017.0
518,13121002900,63112.0,55737.0,78750.0,206250.0,69464.0,-666666666.0,-666666666.0,-666666666.0,2017.0
519,13121003000,94079.0,68542.0,111838.0,221964.0,-666666666.0,-666666666.0,-666666666.0,-666666666.0,2017.0
520,13121003100,46467.0,31875.0,54044.0,83409.0,139904.0,-666666666.0,-666666666.0,-666666666.0,2017.0
521,13121003200,84350.0,67841.0,98750.0,115147.0,-666666666.0,-666666666.0,-666666666.0,-666666666.0,2017.0
522,13121003500,55585.0,50208.0,95750.0,-666666666.0,-666666666.0,-666666666.0,-666666666.0,-666666666.0,2017.0
523,13121003600,41372.0,30909.0,54861.0,-666666666.0,-666666666.0,-666666666.0,-666666666.0,-666666666.0,2017.0
524,13121003800,22150.0,20350.0,23021.0,-666666666.0,-666666666.0,-666666666.0,-666666666.0,-666666666.0,2017.0
525,13121003900,36174.0,22440.0,35278.0,47083.0,47321.0,43438.0,-666666666.0,37875.0,2017.0
526,13121004000,28191.0,26417.0,25903.0,30192.0,-666666666.0,56250.0,125758.0,-666666666.0,2017.0
527,13121004100,38519.0,28208.0,-666666666.0,39458.0,-666666666.0,51473.0,-666666666.0,-666666666.0,2017.0
528,13121004200,18569.0,14153.0,31125.0,48512.0,-666666666.0,-666666666.0,-666666666.0,-666666666.0,2017.0
529,13121004300,28287.0,35375.0,23071.0,-666666666.0,24688.0,-666666666.0,-666666666.0,-666666666.0,2017.0
530,13121004400,18030.0,16563.0,18750.0,35516.0,-666666666.0,-666666666.0,-666666666.0,-666666666.0,2017.0
531,13121004800,16413.0,11755.0,-666666666.0,52000.0,-666666666.0,-666666666.0,-666666666.0,-666666666.0,2017.0
532,13121004900,77875.0,46625.0,108920.0,103269.0,-666666666.0,-666666666.0,-666666666.0,-666666666.0,2017.0
533,13121005000,79250.0,46042.0,104917.0,135750.0,148500.0,-666666666.0,-666666666.0,-666666666.0,2017.0
534,13121005200,93580.0,53750.0,108605.0,105000.0,250001.0,38636.0,-666666666.0,-666666666.0,2017.0
535,13121005300,93456.0,67500.0,105125.0,109417.0,159583.0,142969.0,-666666666.0,-666666666.0,2017.0
536,13121005501,30469.0,18750.0,26667.0,39000.0,56406.0,-666666666.0,-666666666.0,-666666666.0,2017.0
537,13121005502,19469.0,12969.0,-666666666.0,43897.0,29828.0,16806.0,-666666666.0,-666666666.0,2017.0
538,13121005700,19698.0,14432.0,23021.0,24091.0,35375.0,31979.0,-666666666.0,-666666666.0,2017.0
539,13121005800,31625.0,28929.0,41458.0,-666666666.0,51250.0,-666666666.0,23500.0,-666666666.0,2017.0
540,13121006000,35549.0,32781.0,26136.0,55547.0,51813.0,-666666666.0,-666666666.0,36467.0,2017.0
541,13121006100,29276.0,14387.0,32674.0,49063.0,36892.0,-666666666.0,-666666666.0,-666666666.0,2017.0
542,13121006200,27115.0,16957.0,43750.0,51250.0,-666666666.0,42500.0,-666666666.0,-666666666.0,2017.0
543,13121006300,24893.0,24071.0,18611.0,37550.0,-666666666.0,2499.0,-666666666.0,-666666666.0,2017.0
544,13121006400,43690.0,22083.0,45833.0,49000.0,50917.0,-666666666.0,-666666666.0,-666666666.0,2017.0
545,13121006500,39274.0,26875.0,41389.0,44583.0,-666666666.0,-666666666.0,92774.0,-666666666.0,2017.0
546,13121006601,36250.0,17500.0,46923.0,70313.0,-666666666.0,52188.0,-666666666.0,-666666666.0,2017.0
547,13121006602,20170.0,18333.0,21648.0,17083.0,65500.0,-666666666.0,-666666666.0,-666666666.0,2017.0
548,13121006700,23017.0,20250.0,20389.0,39188.0,41742.0,-666666666.0,-666666666.0,-666666666.0,2017.0
549,13121006801,-666666666.0,-666666666.0,-666666666.0,-666666666.0,-666666666.0,-666666666.0,-666666666.0,-666666666.0,2017.0
550,13121006802,9815.0,12969.0,2499.0,-666666666.0,12159.0,2499.0,2499.0,19808.0,2017.0
551,13121006900,71359.0,46161.0,74297.0,80524.0,72500.0,80905.0,-666666666.0,-666666666.0,2017.0
552,13121007001,26436.0,15547.0,34667.0,27207.0,28977.0,50350.0,-666666666.0,46222.0,2017.0
553,13121007002,34286.0,32097.0,38889.0,14491.0,58170.0,-666666666.0,-666666666.0,-666666666.0,2017.0
554,13121007100,22500.0,17194.0,30078.0,22207.0,36429.0,74792.0,-666666666.0,-666666666.0,2017.0
555,13121007200,24722.0,17083.0,42833.0,28281.0,40484.0,-666666666.0,-666666666.0,-666666666.0,2017.0
556,13121007300,24465.0,24453.0,28456.0,23438.0,25729.0,-666666666.0,-666666666.0,-666666666.0,2017.0
557,13121007400,17796.0,13494.0,35313.0,13478.0,-666666666.0,-666666666.0,-666666666.0,-666666666.0,2017.0
558,13121007500,23563.0,18355.0,26643.0,58250.0,-666666666.0,-666666666.0,-666666666.0,-666666666.0,2017.0
559,13121007602,34136.0,22368.0,48047.0,-666666666.0,35000.0,-666666666.0,34563.0,-666666666.0,2017.0
560,13121007603,13792.0,12059.0,24080.0,15893.0,-666666666.0,-666666666.0,-666666666.0,-666666666.0,2017.0
561,13121007604,18537.0,12179.0,21212.0,32899.0,-666666666.0,23636.0,-666666666.0,250001.0,2017.0
562,13121007703,42150.0,29792.0,47734.0,35263.0,53929.0,-666666666.0,-666666666.0,-666666666.0,2017.0
563,13121007704,30497.0,20375.0,30852.0,55052.0,54896.0,-666666666.0,58783.0,-666666666.0,2017.0
564,13121007705,22592.0,16979.0,40893.0,-666666666.0,28826.0,-666666666.0,-666666666.0,-666666666.0,2017.0
565,13121007706,36369.0,27697.0,46559.0,-666666666.0,86250.0,-666666666.0,-666666666.0,-666666666.0,2017.0
566,13121007802,44932.0,40302.0,56902.0,36813.0,132870.0,-666666666.0,-666666666.0,-666666666.0,2017.0
567,13121007805,33255.0,21211.0,47446.0,64034.0,-666666666.0,-666666666.0,-666666666.0,-666666666.0,2017.0
568,13121007806,31192.0,22886.0,28295.0,25972.0,47344.0,90069.0,-666666666.0,-666666666.0,2017.0
569,13121007807,21912.0,18750.0,32000.0,36250.0,-666666666.0,-666666666.0,-666666666.0,-666666666.0,2017.0
570,13121007808,12266.0,16806.0,12209.0,-666666666.0,-666666666.0,8534.0,-666666666.0,-666666666.0,2017.0
571,13121007900,54467.0,40170.0,66021.0,78641.0,75938.0,53618.0,-666666666.0,-666666666.0,2017.0
572,13121008000,41450.0,24375.0,49816.0,46917.0,58158.0,-666666666.0,-666666666.0,-666666666.0,2017.0
573,13121008101,31833.0,25000.0,44583.0,31500.0,70938.0,2499.0,-666666666.0,-666666666.0,2017.0
574,13121008102,24940.0,16361.0,33618.0,35657.0,-666666666.0,-666666666.0,-666666666.0,-666666666.0,2017.0
575,13121008201,31037.0,19083.0,44171.0,38696.0,40536.0,-666666666.0,-666666666.0,-666666666.0,2017.0
576,13121008202,27454.0,25945.0,31719.0,30313.0,19167.0,-666666666.0,-666666666.0,-666666666.0,2017.0
577,13121008301,27023.0,19773.0,41607.0,30074.0,48214.0,-666666666.0,-666666666.0,-666666666.0,2017.0
578,13121008302,28949.0,24545.0,43882.0,-666666666.0,51250.0,-666666666.0,-666666666.0,-666666666.0,2017.0
579,13121008400,21708.0,21149.0,23450.0,16534.0,-666666666.0,-666666666.0,-666666666.0,-666666666.0,2017.0
580,13121008500,28364.0,19130.0,38594.0,28917.0,37250.0,-666666666.0,-666666666.0,-666666666.0,2017.0
581,13121008601,21846.0,21193.0,30319.0,12348.0,21167.0,-666666666.0,-666666666.0,-666666666.0,2017.0
582,13121008602,36815.0,34676.0,41250.0,52930.0,26167.0,-666666666.0,-666666666.0,-666666666.0,2017.0
583,13121008700,29583.0,25548.0,34512.0,40184.0,41193.0,28750.0,-666666666.0,-666666666.0,2017.0
584,13121008800,95524.0,49327.0,105698.0,107031.0,121324.0,167019.0,-666666666.0,-666666666.0,2017.0
585,13121008902,57142.0,52706.0,72609.0,100652.0,140750.0,-666666666.0,-666666666.0,-666666666.0,2017.0
586,13121008903,71548.0,72718.0,126979.0,73750.0,32222.0,40568.0,-666666666.0,-666666666.0,2017.0
587,13121008904,78924.0,50332.0,118646.0,161357.0,-666666666.0,223667.0,-666666666.0,-666666666.0,2017.0
588,13121009000,105197.0,51875.0,104028.0,142750.0,250001.0,242019.0,-666666666.0,-666666666.0,2017.0
589,13121009101,76981.0,64722.0,98102.0,147279.0,-666666666.0,-666666666.0,-666666666.0,-666666666.0,2017.0
590,13121009102,54174.0,34256.0,103110.0,247672.0,250001.0,243125.0,-666666666.0,-666666666.0,2017.0
591,13121009200,65957.0,53108.0,83250.0,106146.0,-666666666.0,-666666666.0,-666666666.0,-666666666.0,2017.0
592,13121009300,100844.0,55637.0,148162.0,240341.0,206645.0,-666666666.0,-666666666.0,-666666666.0,2017.0
593,13121009402,69034.0,54530.0,106721.0,118750.0,-666666666.0,-666666666.0,-666666666.0,-666666666.0,2017.0
594,13121009403,45102.0,38221.0,65164.0,50714.0,173929.0,-666666666.0,-666666666.0,-666666666.0,2017.0
595,13121009404,73649.0,52186.0,111641.0,100448.0,138523.0,250001.0,-666666666.0,-666666666.0,2017.0
596,13121009501,149688.0,52500.0,163984.0,250001.0,250001.0,250001.0,-666666666.0,-666666666.0,2017.0
597,13121009502,89298.0,62232.0,103857.0,115250.0,-666666666.0,-666666666.0,-666666666.0,-666666666.0,2017.0
598,13121009601,94265.0,71524.0,105417.0,115417.0,136071.0,-666666666.0,-666666666.0,-666666666.0,2017.0
599,13121009602,101689.0,65112.0,135859.0,206944.0,231548.0,-666666666.0,-666666666.0,-666666666.0,2017.0
600,13121009603,75987.0,56046.0,131895.0,250001.0,250001.0,250001.0,-666666666.0,-666666666.0,2017.0
601,13121009700,200179.0,39702.0,205268.0,250001.0,196500.0,250001.0,-666666666.0,-666666666.0,2017.0
602,13121009801,105536.0,48700.0,164375.0,250001.0,250001.0,250001.0,-666666666.0,-666666666.0,2017.0
603,13121009802,158800.0,92212.0,155069.0,167458.0,212768.0,250001.0,184659.0,-666666666.0,2017.0
604,13121009900,124643.0,53452.0,194145.0,160250.0,250001.0,250001.0,-666666666.0,-666666666.0,2017.0
605,13121010001,103894.0,57625.0,145398.0,250001.0,250001.0,121172.0,-666666666.0,-666666666.0,2017.0
606,13121010002,138864.0,69769.0,157274.0,185682.0,208750.0,250001.0,-666666666.0,-666666666.0,2017.0
607,13121010106,74167.0,38475.0,84435.0,105260.0,-666666666.0,250001.0,-666666666.0,-666666666.0,2017.0
608,13121010107,174875.0,69375.0,158333.0,247000.0,202813.0,-666666666.0,250001.0,-666666666.0,2017.0
609,13121010108,148000.0,43750.0,207250.0,202875.0,206964.0,250001.0,-666666666.0,-666666666.0,2017.0
610,13121010110,70456.0,50113.0,84592.0,135750.0,115926.0,-666666666.0,-666666666.0,-666666666.0,2017.0
611,13121010113,51344.0,41778.0,83750.0,46275.0,26838.0,51250.0,-666666666.0,-666666666.0,2017.0
612,13121010114,66186.0,48100.0,112642.0,-666666666.0,250001.0,169813.0,-666666666.0,-666666666.0,2017.0
613,13121010115,116923.0,48405.0,135893.0,147045.0,250001.0,250001.0,-666666666.0,-666666666.0,2017.0
614,13121010117,55782.0,38688.0,70469.0,61019.0,-666666666.0,56696.0,-666666666.0,-666666666.0,2017.0
615,13121010118,43902.0,32625.0,57401.0,73514.0,42894.0,18207.0,-666666666.0,-666666666.0,2017.0
616,13121010119,43621.0,37475.0,54919.0,-666666666.0,-666666666.0,28796.0,-666666666.0,-666666666.0,2017.0
617,13121010120,67727.0,65039.0,70208.0,81094.0,81071.0,-666666666.0,-666666666.0,-666666666.0,2017.0
618,13121010121,86402.0,39205.0,144931.0,146667.0,-666666666.0,-666666666.0,-666666666.0,-666666666.0,2017.0
619,13121010122,78542.0,61350.0,90179.0,85714.0,180792.0,160724.0,-666666666.0,-666666666.0,2017.0
620,13121010123,69479.0,68750.0,70391.0,77163.0,60027.0,95104.0,-666666666.0,-666666666.0,2017.0
621,13121010204,163214.0,55000.0,172614.0,195673.0,187438.0,250001.0,-666666666.0,-666666666.0,2017.0
622,13121010205,111103.0,51741.0,119423.0,196397.0,250001.0,201635.0,-666666666.0,-666666666.0,2017.0
623,13121010206,177188.0,59861.0,194107.0,224000.0,250001.0,250001.0,250001.0,-666666666.0,2017.0
624,13121010208,56897.0,40236.0,79050.0,73269.0,136522.0,-666666666.0,-666666666.0,-666666666.0,2017.0
625,13121010209,60614.0,50994.0,74042.0,99375.0,-666666666.0,189439.0,-666666666.0,-666666666.0,2017.0
626,13121010210,72979.0,48645.0,103750.0,-666666666.0,136810.0,107130.0,-666666666.0,-666666666.0,2017.0
627,13121010211,138393.0,51447.0,139702.0,250001.0,-666666666.0,250001.0,-666666666.0,-666666666.0,2017.0
628,13121010212,52270.0,37269.0,77171.0,145000.0,-666666666.0,39327.0,30250.0,-666666666.0,2017.0
629,13121010301,65340.0,27322.0,64038.0,83864.0,83009.0,126136.0,89147.0,-666666666.0,2017.0
630,13121010303,63209.0,41848.0,67500.0,82014.0,-666666666.0,77719.0,130959.0,-666666666.0,2017.0
631,13121010304,79397.0,47973.0,102798.0,88702.0,91042.0,-666666666.0,136458.0,-666666666.0,2017.0
632,13121010400,50294.0,43156.0,60908.0,52000.0,37656.0,56000.0,-666666666.0,127250.0,2017.0
633,13121010507,39190.0,32306.0,35417.0,47398.0,-666666666.0,71700.0,-666666666.0,-666666666.0,2017.0
634,13121010508,46983.0,39032.0,38875.0,60764.0,106053.0,-666666666.0,53625.0,-666666666.0,2017.0
635,13121010510,38223.0,25552.0,51563.0,53750.0,60972.0,-666666666.0,-666666666.0,-666666666.0,2017.0
636,13121010511,58173.0,43566.0,58864.0,45234.0,81591.0,81984.0,-666666666.0,-666666666.0,2017.0
637,13121010512,30819.0,22342.0,50215.0,31806.0,39085.0,43198.0,-666666666.0,-666666666.0,2017.0
638,13121010513,43931.0,36864.0,44617.0,52310.0,78171.0,75145.0,-666666666.0,-666666666.0,2017.0
639,13121010514,56991.0,40014.0,60244.0,62827.0,85890.0,92206.0,66302.0,101570.0,2017.0
640,13121010515,43316.0,21833.0,43846.0,62938.0,82813.0,-666666666.0,81507.0,-666666666.0,2017.0
641,13121010516,50030.0,33287.0,47206.0,54668.0,77604.0,54405.0,86438.0,-666666666.0,2017.0
642,13121010601,29786.0,21220.0,62625.0,-666666666.0,-666666666.0,-666666666.0,-666666666.0,-666666666.0,2017.0
643,13121010603,29066.0,21144.0,30739.0,-666666666.0,38486.0,-666666666.0,-666666666.0,-666666666.0,2017.0
644,13121010604,33133.0,28329.0,48393.0,-666666666.0,-666666666.0,63125.0,-666666666.0,-666666666.0,2017.0
645,13121010800,44828.0,40174.0,46806.0,-666666666.0,70820.0,48333.0,35068.0,-666666666.0,2017.0
646,13121011000,27344.0,19766.0,38250.0,-666666666.0,35625.0,68403.0,40536.0,-666666666.0,2017.0
647,13121011100,51848.0,32106.0,65817.0,69844.0,75550.0,-666666666.0,-666666666.0,-666666666.0,2017.0
648,13121011201,35470.0,25278.0,38705.0,36071.0,40909.0,54219.0,-666666666.0,-666666666.0,2017.0
649,13121011202,40150.0,28542.0,38750.0,49183.0,41250.0,-666666666.0,108304.0,-666666666.0,2017.0
650,13121011301,51148.0,42083.0,50494.0,70625.0,57386.0,-666666666.0,-666666666.0,-666666666.0,2017.0
651,13121011303,45000.0,40054.0,49850.0,61250.0,55069.0,63750.0,26630.0,-666666666.0,2017.0
652,13121011305,25823.0,20775.0,30472.0,31250.0,30298.0,64063.0,-666666666.0,-666666666.0,2017.0
653,13121011306,34907.0,20721.0,43158.0,-666666666.0,61458.0,-666666666.0,-666666666.0,-666666666.0,2017.0
654,13121011405,63890.0,44722.0,93725.0,63735.0,72606.0,109236.0,-666666666.0,-666666666.0,2017.0
655,13121011410,116102.0,62475.0,116011.0,133268.0,205809.0,187083.0,-666666666.0,-666666666.0,2017.0
656,13121011411,70663.0,37283.0,103333.0,95404.0,82500.0,-666666666.0,-666666666.0,-666666666.0,2017.0
657,13121011412,85333.0,48806.0,100194.0,94901.0,107303.0,86563.0,-666666666.0,-666666666.0,2017.0
658,13121011414,72663.0,49107.0,75000.0,-666666666.0,-666666666.0,102364.0,-666666666.0,-666666666.0,2017.0
659,13121011416,103813.0,81000.0,98565.0,198542.0,110625.0,108182.0,189191.0,-666666666.0,2017.0
660,13121011417,96538.0,31683.0,99179.0,114293.0,166328.0,-666666666.0,-666666666.0,-666666666.0,2017.0
661,13121011418,130653.0,78798.0,132381.0,128250.0,156467.0,212202.0,132065.0,-666666666.0,2017.0
662,13121011419,105714.0,62292.0,97083.0,135066.0,171167.0,250001.0,-666666666.0,-666666666.0,2017.0
663,13121011420,41275.0,35542.0,45594.0,-666666666.0,36820.0,40479.0,40580.0,-666666666.0,2017.0
664,13121011421,47428.0,47500.0,43750.0,60486.0,45083.0,-666666666.0,-666666666.0,39706.0,2017.0
665,13121011422,64402.0,44669.0,86458.0,73125.0,178125.0,-666666666.0,-666666666.0,-666666666.0,2017.0
666,13121011423,116250.0,57167.0,121433.0,143750.0,126250.0,163523.0,-666666666.0,-666666666.0,2017.0
667,13121011424,104861.0,62344.0,118576.0,119348.0,147354.0,-666666666.0,-666666666.0,-666666666.0,2017.0
668,13121011425,198808.0,55714.0,194286.0,247083.0,199477.0,228346.0,-666666666.0,-666666666.0,2017.0
669,13121011426,101500.0,33889.0,107833.0,86750.0,139750.0,199250.0,-666666666.0,213750.0,2017.0
670,13121011427,108295.0,45404.0,110000.0,147930.0,130057.0,106324.0,-666666666.0,-666666666.0,2017.0
671,13121011503,147394.0,80221.0,116645.0,158958.0,164817.0,139853.0,-666666666.0,-666666666.0,2017.0
672,13121011504,193419.0,-666666666.0,173950.0,238359.0,214514.0,212961.0,250001.0,-666666666.0,2017.0
673,13121011505,179000.0,45625.0,159583.0,164556.0,211538.0,202625.0,-666666666.0,-666666666.0,2017.0
674,13121011506,155980.0,53802.0,147344.0,171667.0,166154.0,216688.0,-666666666.0,-666666666.0,2017.0
675,13121011610,102656.0,60375.0,105543.0,128235.0,171776.0,128698.0,53419.0,-666666666.0,2017.0
676,13121011611,59095.0,48254.0,65884.0,53438.0,78952.0,-666666666.0,-666666666.0,-666666666.0,2017.0
677,13121011612,110329.0,-666666666.0,94286.0,112237.0,189583.0,-666666666.0,-666666666.0,-666666666.0,2017.0
678,13121011613,101902.0,56090.0,105823.0,88456.0,134857.0,88625.0,160189.0,-666666666.0,2017.0
679,13121011614,74191.0,49255.0,84408.0,93856.0,93990.0,-666666666.0,-666666666.0,-666666666.0,2017.0
680,13121011615,136921.0,48750.0,120917.0,230978.0,146019.0,198304.0,187778.0,-666666666.0,2017.0
681,13121011616,71145.0,62215.0,64788.0,118381.0,73155.0,-666666666.0,-666666666.0,-666666666.0,2017.0
682,13121011617,106367.0,80238.0,100417.0,132054.0,137411.0,171905.0,-666666666.0,116350.0,2017.0
683,13121011618,110335.0,42153.0,148750.0,123750.0,117625.0,181458.0,-666666666.0,-666666666.0,2017.0
684,13121011619,80469.0,50605.0,69265.0,81420.0,107104.0,144625.0,86324.0,-666666666.0,2017.0
685,13121011620,120227.0,45463.0,107500.0,132390.0,161417.0,143068.0,250001.0,-666666666.0,2017.0
686,13121011621,155842.0,57917.0,148382.0,153244.0,204495.0,250001.0,-666666666.0,-666666666.0,2017.0
687,13121011622,137643.0,116118.0,115042.0,167763.0,150372.0,127969.0,211875.0,-666666666.0,2017.0
688,13121011623,104164.0,61331.0,102731.0,118145.0,103917.0,156902.0,124081.0,-666666666.0,2017.0
689,13121011624,184830.0,-666666666.0,184545.0,162461.0,194688.0,250001.0,250001.0,-666666666.0,2017.0
690,13121011625,107175.0,51490.0,98667.0,101250.0,144464.0,129423.0,250001.0,-666666666.0,2017.0
691,13121011626,94803.0,46083.0,109038.0,154340.0,92212.0,133167.0,-666666666.0,206136.0,2017.0
692,13121011800,16087.0,-666666666.0,36635.0,-666666666.0,42617.0,-666666666.0,-666666666.0,-666666666.0,2017.0
693,13121011900,26032.0,21184.0,43194.0,-666666666.0,-666666666.0,-666666666.0,-666666666.0,-666666666.0,2017.0
694,13121012000,28902.0,15353.0,47727.0,38698.0,-666666666.0,-666666666.0,-666666666.0,-666666666.0,2017.0
695,13121012300,48155.0,22221.0,94886.0,71293.0,-666666666.0,236435.0,-666666666.0,-666666666.0,2017.0
945,13089980000,-666666666.0,-666666666.0,-666666666.0,-666666666.0,-666666666.0,-666666666.0,-666666666.0,-666666666.0,2017.0
946,13121003700,22679.0,23929.0,-666666666.0,-666666666.0,-666666666.0,-666666666.0,-666666666.0,-666666666.0,2017.0
947,13121980000,-666666666.0,-666666666.0,-666666666.0,-666666666.0,-666666666.0,-666666666.0,-666666666.0,-666666666.0,2017.0
