,GEOID,MEDIAN HOUSEHOLD INCOME IN THE PAST 12 MONTHS (IN 2016 INFLATION-ADJUSTED DOLLARS) BY HOUSEHOLD SIZE_Estimate!!Total,MEDIAN HOUSEHOLD INCOME IN THE PAST 12 MONTHS (IN 2016 INFLATION-ADJUSTED DOLLARS) BY HOUSEHOLD SIZE_Estimate!!Total!!1-person households,MEDIAN HOUSEHOLD INCOME IN THE PAST 12 MONTHS (IN 2016 INFLATION-ADJUSTED DOLLARS) BY HOUSEHOLD SIZE_Estimate!!Total!!2-person households,MEDIAN HOUSEHOLD INCOME IN THE PAST 12 MONTHS (IN 2016 INFLATION-ADJUSTED DOLLARS) BY HOUSEHOLD SIZE_Estimate!!Total!!3-person households,MEDIAN HOUSEHOLD INCOME IN THE PAST 12 MONTHS (IN 2016 INFLATION-ADJUSTED DOLLARS) BY HOUSEHOLD SIZE_Estimate!!Total!!4-person households,MEDIAN HOUSEHOLD INCOME IN THE PAST 12 MONTHS (IN 2016 INFLATION-ADJUSTED DOLLARS) BY HOUSEHOLD SIZE_Estimate!!Total!!5-person households,MEDIAN HOUSEHOLD INCOME IN THE PAST 12 MONTHS (IN 2016 INFLATION-ADJUSTED DOLLARS) BY HOUSEHOLD SIZE_Estimate!!Total!!6-person households,MEDIAN HOUSEHOLD INCOME IN THE PAST 12 MONTHS (IN 2016 INFLATION-ADJUSTED DOLLARS) BY HOUSEHOLD SIZE_Estimate!!Total!!7-or-more-person households,YEAR
0,13121006601,36250.0,17500.0,46923.0,70313.0,-666666666.0,52188.0,-666666666.0,-666666666.0,2017.0
1,13121006700,23017.0,20250.0,20389.0,39188.0,41742.0,-666666666.0,-666666666.0,-666666666.0,2017.0
2,13121009300,100844.0,55637.0,148162.0,240341.0,206645.0,-666666666.0,-666666666.0,-666666666.0,2017.0
3,13121009402,69034.0,54530.0,106721.0,118750.0,-666666666.0,-666666666.0,-666666666.0,-666666666.0,2017.0
5,13089023700,45077.0,19575.0,56701.0,45671.0,51917.0,-666666666.0,-666666666.0,-666666666.0,2017.0
6,13121001300,66223.0,46806.0,91750.0,-666666666.0,177750.0,-666666666.0,-666666666.0,-666666666.0,2017.0
7,13121001400,86333.0,62357.0,140446.0,131250.0,155125.0,-666666666.0,-666666666.0,-666666666.0,2017.0
8,13121001800,42159.0,39545.0,60288.0,-666666666.0,-666666666.0,-666666666.0,-666666666.0,-666666666.0,2017.0
9,13121001600,66806.0,48750.0,83594.0,-666666666.0,-666666666.0,-666666666.0,-666666666.0,-666666666.0,2017.0
10,13121001500,63464.0,40848.0,100417.0,210865.0,-666666666.0,-666666666.0,-666666666.0,-666666666.0,2017.0
11,13121001900,62222.0,51581.0,155938.0,-666666666.0,-666666666.0,-666666666.0,-666666666.0,-666666666.0,2017.0
12,13121000500,85750.0,60184.0,107974.0,205588.0,122788.0,-666666666.0,-666666666.0,-666666666.0,2017.0
13,13121003600,41372.0,30909.0,54861.0,-666666666.0,-666666666.0,-666666666.0,-666666666.0,-666666666.0,2017.0
14,13121010002,138864.0,69769.0,157274.0,185682.0,208750.0,250001.0,-666666666.0,-666666666.0,2017.0
15,13121010001,103894.0,57625.0,145398.0,250001.0,250001.0,121172.0,-666666666.0,-666666666.0,2017.0
16,13121009802,158800.0,92212.0,155069.0,167458.0,212768.0,250001.0,184659.0,-666666666.0,2017.0
17,13121006801,-666666666.0,-666666666.0,-666666666.0,-666666666.0,-666666666.0,-666666666.0,-666666666.0,-666666666.0,2017.0
18,13121009700,200179.0,39702.0,205268.0,250001.0,196500.0,250001.0,-666666666.0,-666666666.0,2017.0
19,13121007100,22500.0,17194.0,30078.0,22207.0,36429.0,74792.0,-666666666.0,-666666666.0,2017.0
20,13121006200,27115.0,16957.0,43750.0,51250.0,-666666666.0,42500.0,-666666666.0,-666666666.0,2017.0
21,13121001100,99205.0,74547.0,155556.0,249205.0,-666666666.0,-666666666.0,-666666666.0,-666666666.0,2017.0
22,13121002500,26066.0,20846.0,32232.0,16957.0,-666666666.0,61125.0,-666666666.0,-666666666.0,2017.0
23,13121004200,18569.0,14153.0,31125.0,48512.0,-666666666.0,-666666666.0,-666666666.0,-666666666.0,2017.0
24,13121009101,76981.0,64722.0,98102.0,147279.0,-666666666.0,-666666666.0,-666666666.0,-666666666.0,2017.0
25,13121008904,78924.0,50332.0,118646.0,161357.0,-666666666.0,223667.0,-666666666.0,-666666666.0,2017.0
26,13121003700,22679.0,23929.0,-666666666.0,-666666666.0,-666666666.0,-666666666.0,-666666666.0,-666666666.0,2017.0
27,13121010211,138393.0,51447.0,139702.0,250001.0,-666666666.0,250001.0,-666666666.0,-666666666.0,2017.0
28,13121012000,28902.0,15353.0,47727.0,38698.0,-666666666.0,-666666666.0,-666666666.0,-666666666.0,2017.0
29,13121009000,105197.0,51875.0,104028.0,142750.0,250001.0,242019.0,-666666666.0,-666666666.0,2017.0
30,13121007002,34286.0,32097.0,38889.0,14491.0,58170.0,-666666666.0,-666666666.0,-666666666.0,2017.0
31,13121009900,124643.0,53452.0,194145.0,160250.0,250001.0,250001.0,-666666666.0,-666666666.0,2017.0
32,13121010303,63209.0,41848.0,67500.0,82014.0,-666666666.0,77719.0,130959.0,-666666666.0,2017.0
33,13121001700,60069.0,46474.0,103895.0,50931.0,109583.0,-666666666.0,-666666666.0,-666666666.0,2017.0
34,13121000600,50969.0,45827.0,56833.0,50772.0,-666666666.0,-666666666.0,-666666666.0,-666666666.0,2017.0
35,13121000200,116094.0,59583.0,152549.0,248125.0,250001.0,250001.0,-666666666.0,-666666666.0,2017.0
36,13121000400,91857.0,61523.0,134375.0,79107.0,-666666666.0,250001.0,-666666666.0,-666666666.0,2017.0
37,13121000100,149450.0,75769.0,130481.0,162125.0,250001.0,181346.0,-666666666.0,-666666666.0,2017.0
38,13121010206,177188.0,59861.0,194107.0,224000.0,250001.0,250001.0,250001.0,-666666666.0,2017.0
39,13121006602,20170.0,18333.0,21648.0,17083.0,65500.0,-666666666.0,-666666666.0,-666666666.0,2017.0
40,13121002900,63112.0,55737.0,78750.0,206250.0,69464.0,-666666666.0,-666666666.0,-666666666.0,2017.0
41,13121007705,22592.0,16979.0,40893.0,-666666666.0,28826.0,-666666666.0,-666666666.0,-666666666.0,2017.0
42,13121009603,75987.0,56046.0,131895.0,250001.0,250001.0,250001.0,-666666666.0,-666666666.0,2017.0
43,13121009601,94265.0,71524.0,105417.0,115417.0,136071.0,-666666666.0,-666666666.0,-666666666.0,2017.0
44,13121009801,105536.0,48700.0,164375.0,250001.0,250001.0,250001.0,-666666666.0,-666666666.0,2017.0
45,13121011900,26032.0,21184.0,43194.0,-666666666.0,-666666666.0,-666666666.0,-666666666.0,-666666666.0,2017.0
46,13121001202,83063.0,69096.0,120375.0,138352.0,-666666666.0,-666666666.0,-666666666.0,-666666666.0,2017.0
47,13121009102,54174.0,34256.0,103110.0,247672.0,250001.0,243125.0,-666666666.0,-666666666.0,2017.0
48,13089020802,57204.0,17311.0,97891.0,122426.0,61641.0,-666666666.0,-666666666.0,93173.0,2017.0
49,13121001201,58603.0,39643.0,125795.0,150000.0,156316.0,-666666666.0,-666666666.0,-666666666.0,2017.0
50,13121001001,80132.0,57386.0,104706.0,96146.0,-666666666.0,-666666666.0,-666666666.0,-666666666.0,2017.0
51,13121008903,71548.0,72718.0,126979.0,73750.0,32222.0,40568.0,-666666666.0,-666666666.0,2017.0
52,13121004300,28287.0,35375.0,23071.0,-666666666.0,24688.0,-666666666.0,-666666666.0,-666666666.0,2017.0
53,13121007603,13792.0,12059.0,24080.0,15893.0,-666666666.0,-666666666.0,-666666666.0,-666666666.0,2017.0
54,13121007604,18537.0,12179.0,21212.0,32899.0,-666666666.0,23636.0,-666666666.0,250001.0,2017.0
55,13121007703,42150.0,29792.0,47734.0,35263.0,53929.0,-666666666.0,-666666666.0,-666666666.0,2017.0
56,13121007704,30497.0,20375.0,30852.0,55052.0,54896.0,-666666666.0,58783.0,-666666666.0,2017.0
57,13121009501,149688.0,52500.0,163984.0,250001.0,250001.0,250001.0,-666666666.0,-666666666.0,2017.0
58,13089020700,53833.0,27935.0,105179.0,116000.0,109063.0,-666666666.0,-666666666.0,-666666666.0,2017.0
59,13121008902,57142.0,52706.0,72609.0,100652.0,140750.0,-666666666.0,-666666666.0,-666666666.0,2017.0
60,13121009403,45102.0,38221.0,65164.0,50714.0,173929.0,-666666666.0,-666666666.0,-666666666.0,2017.0
61,13121009602,101689.0,65112.0,135859.0,206944.0,231548.0,-666666666.0,-666666666.0,-666666666.0,2017.0
62,13121009404,73649.0,52186.0,111641.0,100448.0,138523.0,250001.0,-666666666.0,-666666666.0,2017.0
63,13121009502,89298.0,62232.0,103857.0,115250.0,-666666666.0,-666666666.0,-666666666.0,-666666666.0,2017.0
64,13121010114,66186.0,48100.0,112642.0,-666666666.0,250001.0,169813.0,-666666666.0,-666666666.0,2017.0
65,13121011800,16087.0,-666666666.0,36635.0,-666666666.0,42617.0,-666666666.0,-666666666.0,-666666666.0,2017.0
66,13089020600,43295.0,32250.0,77708.0,-666666666.0,-666666666.0,-666666666.0,-666666666.0,-666666666.0,2017.0
67,13089020400,78681.0,46616.0,105500.0,128438.0,223750.0,-666666666.0,-666666666.0,-666666666.0,2017.0
68,13089020500,55208.0,-666666666.0,92826.0,78000.0,116319.0,60417.0,-666666666.0,-666666666.0,2017.0
69,13089020801,92594.0,63063.0,114007.0,124750.0,164286.0,-666666666.0,78674.0,-666666666.0,2017.0
70,13089020900,66536.0,45517.0,72191.0,159583.0,149643.0,-666666666.0,-666666666.0,-666666666.0,2017.0
71,13121001002,27250.0,20417.0,49167.0,-666666666.0,-666666666.0,-666666666.0,-666666666.0,-666666666.0,2017.0
72,13121000700,71214.0,51397.0,103250.0,76250.0,151750.0,-666666666.0,-666666666.0,-666666666.0,2017.0
73,13121008700,29583.0,25548.0,34512.0,40184.0,41193.0,28750.0,-666666666.0,-666666666.0,2017.0
74,13089020100,174526.0,75658.0,174871.0,250001.0,222222.0,250001.0,250001.0,-666666666.0,2017.0
75,13089020200,87889.0,67865.0,112841.0,-666666666.0,250001.0,-666666666.0,-666666666.0,-666666666.0,2017.0
76,13089020300,113088.0,54444.0,108860.0,181944.0,225592.0,144861.0,-666666666.0,-666666666.0,2017.0
77,13121006802,9815.0,12969.0,2499.0,-666666666.0,12159.0,2499.0,2499.0,19808.0,2017.0
78,13121006900,71359.0,46161.0,74297.0,80524.0,72500.0,80905.0,-666666666.0,-666666666.0,2017.0
79,13121007001,26436.0,15547.0,34667.0,27207.0,28977.0,50350.0,-666666666.0,46222.0,2017.0
80,13121007602,34136.0,22368.0,48047.0,-666666666.0,35000.0,-666666666.0,34563.0,-666666666.0,2017.0
81,13121007802,44932.0,40302.0,56902.0,36813.0,132870.0,-666666666.0,-666666666.0,-666666666.0,2017.0
82,13121002300,27674.0,19583.0,20938.0,36522.0,-666666666.0,-666666666.0,29196.0,-666666666.0,2017.0
83,13121002100,51250.0,40341.0,74545.0,-666666666.0,-666666666.0,-666666666.0,-666666666.0,-666666666.0,2017.0
84,13121007806,31192.0,22886.0,28295.0,25972.0,47344.0,90069.0,-666666666.0,-666666666.0,2017.0
85,13121007805,33255.0,21211.0,47446.0,64034.0,-666666666.0,-666666666.0,-666666666.0,-666666666.0,2017.0
86,13121002800,26059.0,24338.0,-666666666.0,18948.0,-666666666.0,-666666666.0,-666666666.0,-666666666.0,2017.0
87,13121002600,26350.0,21397.0,-666666666.0,30938.0,-666666666.0,-666666666.0,-666666666.0,-666666666.0,2017.0
88,13121003000,94079.0,68542.0,111838.0,221964.0,-666666666.0,-666666666.0,-666666666.0,-666666666.0,2017.0
89,13121002400,30972.0,23148.0,34250.0,-666666666.0,55781.0,-666666666.0,60625.0,-666666666.0,2017.0
90,13121003200,84350.0,67841.0,98750.0,115147.0,-666666666.0,-666666666.0,-666666666.0,-666666666.0,2017.0
91,13121003100,46467.0,31875.0,54044.0,83409.0,139904.0,-666666666.0,-666666666.0,-666666666.0,2017.0
92,13121003500,55585.0,50208.0,95750.0,-666666666.0,-666666666.0,-666666666.0,-666666666.0,-666666666.0,2017.0
93,13121003800,22150.0,20350.0,23021.0,-666666666.0,-666666666.0,-666666666.0,-666666666.0,-666666666.0,2017.0
94,13121007808,12266.0,16806.0,12209.0,-666666666.0,-666666666.0,8534.0,-666666666.0,-666666666.0,2017.0
95,13121008000,41450.0,24375.0,49816.0,46917.0,58158.0,-666666666.0,-666666666.0,-666666666.0,2017.0
96,13121007807,21912.0,18750.0,32000.0,36250.0,-666666666.0,-666666666.0,-666666666.0,-666666666.0,2017.0
97,13121007900,54467.0,40170.0,66021.0,78641.0,75938.0,53618.0,-666666666.0,-666666666.0,2017.0
98,13121008201,31037.0,19083.0,44171.0,38696.0,40536.0,-666666666.0,-666666666.0,-666666666.0,2017.0
99,13121008102,24940.0,16361.0,33618.0,35657.0,-666666666.0,-666666666.0,-666666666.0,-666666666.0,2017.0
100,13121004800,16413.0,11755.0,-666666666.0,52000.0,-666666666.0,-666666666.0,-666666666.0,-666666666.0,2017.0
101,13121005000,79250.0,46042.0,104917.0,135750.0,148500.0,-666666666.0,-666666666.0,-666666666.0,2017.0
102,13121003900,36174.0,22440.0,35278.0,47083.0,47321.0,43438.0,-666666666.0,37875.0,2017.0
103,13121004100,38519.0,28208.0,-666666666.0,39458.0,-666666666.0,51473.0,-666666666.0,-666666666.0,2017.0
104,13121004900,77875.0,46625.0,108920.0,103269.0,-666666666.0,-666666666.0,-666666666.0,-666666666.0,2017.0
105,13121004000,28191.0,26417.0,25903.0,30192.0,-666666666.0,56250.0,125758.0,-666666666.0,2017.0
106,13121004400,18030.0,16563.0,18750.0,35516.0,-666666666.0,-666666666.0,-666666666.0,-666666666.0,2017.0
107,13121005300,93456.0,67500.0,105125.0,109417.0,159583.0,142969.0,-666666666.0,-666666666.0,2017.0
108,13121008400,21708.0,21149.0,23450.0,16534.0,-666666666.0,-666666666.0,-666666666.0,-666666666.0,2017.0
109,13121008302,28949.0,24545.0,43882.0,-666666666.0,51250.0,-666666666.0,-666666666.0,-666666666.0,2017.0
110,13121005200,93580.0,53750.0,108605.0,105000.0,250001.0,38636.0,-666666666.0,-666666666.0,2017.0
111,13121008500,28364.0,19130.0,38594.0,28917.0,37250.0,-666666666.0,-666666666.0,-666666666.0,2017.0
112,13121008202,27454.0,25945.0,31719.0,30313.0,19167.0,-666666666.0,-666666666.0,-666666666.0,2017.0
113,13121008601,21846.0,21193.0,30319.0,12348.0,21167.0,-666666666.0,-666666666.0,-666666666.0,2017.0
114,13121008301,27023.0,19773.0,41607.0,30074.0,48214.0,-666666666.0,-666666666.0,-666666666.0,2017.0
115,13121005501,30469.0,18750.0,26667.0,39000.0,56406.0,-666666666.0,-666666666.0,-666666666.0,2017.0
116,13121005700,19698.0,14432.0,23021.0,24091.0,35375.0,31979.0,-666666666.0,-666666666.0,2017.0
117,13121006400,43690.0,22083.0,45833.0,49000.0,50917.0,-666666666.0,-666666666.0,-666666666.0,2017.0
118,13121006300,24893.0,24071.0,18611.0,37550.0,-666666666.0,2499.0,-666666666.0,-666666666.0,2017.0
119,13121006100,29276.0,14387.0,32674.0,49063.0,36892.0,-666666666.0,-666666666.0,-666666666.0,2017.0
120,13121005502,19469.0,12969.0,-666666666.0,43897.0,29828.0,16806.0,-666666666.0,-666666666.0,2017.0
121,13121005800,31625.0,28929.0,41458.0,-666666666.0,51250.0,-666666666.0,23500.0,-666666666.0,2017.0
122,13121006500,39274.0,26875.0,41389.0,44583.0,-666666666.0,-666666666.0,92774.0,-666666666.0,2017.0
123,13121008602,36815.0,34676.0,41250.0,52930.0,26167.0,-666666666.0,-666666666.0,-666666666.0,2017.0
124,13121008800,95524.0,49327.0,105698.0,107031.0,121324.0,167019.0,-666666666.0,-666666666.0,2017.0
125,13121009200,65957.0,53108.0,83250.0,106146.0,-666666666.0,-666666666.0,-666666666.0,-666666666.0,2017.0
126,13121007500,23563.0,18355.0,26643.0,58250.0,-666666666.0,-666666666.0,-666666666.0,-666666666.0,2017.0
127,13121008101,31833.0,25000.0,44583.0,31500.0,70938.0,2499.0,-666666666.0,-666666666.0,2017.0
128,13121006000,35549.0,32781.0,26136.0,55547.0,51813.0,-666666666.0,-666666666.0,36467.0,2017.0
